Residue,RMSD
3,0.6317004354737991
4,0.4397241427375555
5,0.4274658677909771
6,0.639916228002314
7,0.10952503892453874
8,0.23230009946267577
9,0.19100611050364077
10,0.3431907238434975
11,0.28858838591627173
12,0.4396935361006536
13,0.5220160674475312
14,0.3657188804488932
15,0.11677709273112544
16,0.363675172681688
17,0.32568657494893977
18,0.09407846682518514
19,0.29671160674511116
20,0.30492484124318886
21,0.3783811567457009
22,0.6733353898143606
23,0.3187323417525906
24,0.1784107665094321
25,0.11578537199063031
26,0.2488371949508485
27,0.8453772912181252
28,2.2221083950742226
29,2.1736051531670175
30,0.7663925550388117
31,1.8429980872499359
32,4.624818929870851
33,NA
34,NA
35,0.16642030325106977
36,0.5300216702668379
37,0.8354170049080062
38,1.1316131337341435
39,0.2567190830160964
40,0.19646063700595592
41,0.20455641284303006
42,0.3324777810778125
43,0.13173731015544182
44,0.21899053444980068
45,0.3434633727785168
46,0.42964674399101965
47,1.1665341836476404
48,NA
49,2.473396956248894
50,1.4470761528773446
51,1.1840237143151489
52,1.3164417354034068
53,1.302342465293809
54,1.1867003107710812
55,0.27045144527128107
56,0.992050591088497
57,0.7248378883139566
58,0.520963864597479
59,0.4466407228859563
60,0.5597365987010311
61,0.22688008550338007
62,0.16754077503444048
63,0.12265226319530277
64,0.1489738497968771
65,0.12286005578230429
66,0.41776711593335
67,0.3661790703571168
68,0.06924098560205538
69,0.42143261203221705
70,0.33173734714862835
71,0.2452823160247758
72,0.38753636712561845
73,0.33723726065856985
74,0.17390872483586922
75,0.7561185398812825
76,1.2416686654715874
77,0.9845197196106054
78,2.5466953270314865
79,NA
80,4.858931514338761
81,NA
82,NA
83,NA
84,1.5307251488528881
85,0.8498164052419237
86,1.1761468149289915
87,0.9792926138828738
88,0.9520376714266711
89,0.7363111931374152
90,0.5263879532518323
91,0.48355045776902394
92,0.7608048020403495
93,0.8352541542322856
94,0.4613211109636172
95,0.44793721225114863
96,1.1504299249985463
97,5.306211162503216
98,5.426590030206002
99,2.6193488696435927
100,2.4683597773528585
101,NA
102,0.4101227977090797
103,0.47268186355211317
104,0.561266254041053
105,0.4413781350261476
106,0.5121624738752739
107,0.5858885429032835
108,0.8067126581982453
109,0.5388390898008949
110,0.7333995244021694
111,0.5203558758277121
112,0.5593210327820892
113,0.6260876235890126
114,0.6965291171471417
115,0.7179209115499627
116,1.0455449493180153